Stopping the server...
select * from t0 where k0 = 1
No match
select * from t0 where k0 = 2
No match
select * from t0 where k0 = 3
No match
insert into t0 values (1, 1, 'a')
Insert OK, 1 row affected
insert into t0 values (2, 1, 'b')
Insert OK, 1 row affected
insert into t0 values (3, 1, 'c')
Insert OK, 1 row affected
select * from t0 where k0 = 1
Found 1 tuple:
[1, 1, 'a']
select * from t0 where k0 = 2
Found 1 tuple:
[2, 1, 'b']
select * from t0 where k0 = 3
Found 1 tuple:
[3, 1, 'c']
select * from t0 where k0 = 1
No match
select * from t0 where k0 = 2
No match
select * from t0 where k0 = 3
No match
Stopping the server...
